{"Total Return":2.5910425034,"CAGR":0.1760221169,"Volatility":0.3538175532,"Sharpe Ratio":0.4974940202,"Max Drawdown":-0.4698240362}