{"Total Return":-1.0,"CAGR":-1.0,"Volatility":12.1682962774,"Sharpe Ratio":-0.0821807735,"Max Drawdown":-1.0939480484}