{"Total Return":-1.0,"CAGR":-1.0,"Volatility":12.1445849613,"Sharpe Ratio":-0.0823412248,"Max Drawdown":-1.4480987972}