{"best_model":"Gradient Boosting","AUC":0.7827201784,"Accuracy":0.7835820896}