{
  "min_vol_weights": [
    0.13196242456588703,
    0.005990111968864796,
    0.8282333520776853,
    0.033814111387562754
  ],
  "max_sharpe_weights": [
    0.014331098065834064,
    0.017924084751613684,
    0.9430379559220814,
    0.024706861260470808
  ],
  "min_vol_metrics": {
    "weights": [
      0.132,
      0.006,
      0.8282,
      0.0338
    ],
    "ret_ann": 0.012592780467027458,
    "vol_ann": 0.07366557168333167,
    "sharpe": -0.032677673952230035
  },
  "max_sharpe_metrics": {
    "weights": [
      0.0143,
      0.0179,
      0.943,
      0.0247
    ],
    "ret_ann": 0.0382755805251624,
    "vol_ann": 0.07948710487418185,
    "sharpe": 0.292822094376248
  },
  "vol_2asset_50_50": 0.23956085388805545,
  "vol_3asset_eq": 0.15770796903021683,
  "vol_4asset_eq": 0.1755650347057241
}